ProdMfr_Value,EntityCode
ABB,ABB
Ablytek,ABLYT
Anji Dasol Solar Energy Science & Technology,ADSEST
Adesto Technologies,ADTE
Advance Power,ADVP
AEG SOLAR ENERGY SRL,AEG
AE Solar GmbH,AESL
"Alpha ESS Co., Ltd.",AESS
Afore Energy,AFOR
AIMS Power,AIMS
Aiswei Tech,AISW
Allesun Industries Inc.,ALLSN
Alps Technology,ALPST
Altenergy Power System Inc.,ALTE
AltGrid Power LLC,ALTG
"ALTERNATIVE ENERGY (AE) SOLAR CO., LTD.",ALTRE
Alexus Solar,ALXUS
Amber Kinetics,AMKI
Ampion,AMPIO
AMPS Solar,AMPS
"Ampt, LLC",AMPT
Andalay Solar,ANDAS
Anji Technology,ANJIT
Anker Innovations Limited,ANKR
Apollo Renewables Inc,APLO
APOS Energy,APOSE
Apparent,APPAR
Applied Materials,APPM
Aptos Solar Technology LLC,APTOS
APsystems,APTY
Arka Energy Inc,ARKA
ARK Battery LLC,ARKB
ARM Ltd,ARM
Array Technologies Inc,ARRY
Anhui Rinengzhongtian Semiconductor Development,ARSD
"Anhui Rinengzhongtian Semiconductor Development Co., Ltd",ARSD
Advanced Solar Power (Hangzhou),ASPHZ
ASTORIOS Holding Inc.,ASTRS
"Amerisolar-Worldwide Energy and Manufacturing USA Co., Ltd",ASWEM
ATI-Watt,ATIW
Alectris,ATRIS
AUO Corporation,AUOC
AU Optronics,AUOPT
Aurora Solar Inc,AUSO
Auxin Solar,AUXIS
AXITEC,AXITEC
BAE Batteries USA,BAEBT
Bloom Energy Corporation,BE
"Briggs & Stratton, LLC",BGST
"Bila Solar, Inc.",BILA
Belinus Solar BV,BLNS
Blu Banyan,BLUB
"Bluesun Solar Co.,Ltd",BLUSS
"Bluesun Solar Energy Tech. Co.,Ltd",BLUSS
"BPL Global , Ltd.",BPLG
BPS Asset Management,BPSA
BRC Solar,BRCS
Bright Spot Solar LLC,BRGHT
"BSL New Energy Technology Co., Ltd.",BSLE
"Boviet Solar Technology Co., Ltd.",BVST
BYD Auto Industry Company Limited,BYDAI
BYD Company Limited,BYDCL
Byucksan Corporation,BYUC
"Caterpillar, Inc.",CAT
ConnectDER LLC,CDER
Cadenza Innovation,CDNZA
Centrosolar America,CENTRA
CERE,CERES
CertainTeed,CERTT
"CESC New Energy Technology Co., Ltd.",CESC
Chilicon Power,CHIL
"Chint New Energy Technology Co., Ltd.",CHINT
Chint Power,CHINT
Chint Power Systems America,CHINT
Chinaland Solar Energy,CHLSE
CHEN GUNES ENERJISI SANAYI VE TICARET LIMITED SIRKETI.,CHNGNS
Clearway Energy,CLEARW
"Clean Air Investments, LLC.",CLNA
Celestica International L. P.,CLS
"Contemporary Amperex Technology Co., Limited",CNAM
"Contemporary Nebula Technology Energy Co.,  Ltd.",CNNB
Convalt Manufacturing LLC,CNVLT
Copadata,COPAD
Crossroads Solar,CROSS
CarbonTRACK,CRTK
CSA Group Company,CSAG
Canadian Solar,CSIQ
"CSI Solar Co., Ltd.",CSIS
CW ENERJÄ° MÃœHENDÄ°SLÄ°K TÄ°CARET VE SANAYÄ° ANONÄ°M ÅžÄ°RKETÄ°,CWENR
CW ENERJİ MÜHENDİSLİK TİCARET VE SANAYİ ANONİM ŞİRKETİ,CWENR
Changzhou Eging Photovoltaic Technology,CZEPT
Changzhou Nesl Solartech,CZNS
Darfon Electronics Corporation,DARF
Dcbel,DCBEL
DEHUI SOLAR POWER INC.,DEHUI
"Dehui Solar Power (Vietnam) Co.,Ltd",DEHUI
Delta Group,DELEL
DE SOLAR(S) PTE. LTD.,DESOL
Ningbo Deye Inverter Technology,DEYE
DEIF,DF
"Dongguan Lithium Valley Energy Co, Ltd",DGLTVE
"DONGGUAN SUNWORTH SOLAR ENERGY CO., LTD",DGSNWR
"Dongguan Zerun Co., Ltd",DGZE
Discover Energy Corp.,DISCE
"Dividend Solar, Inc.",DIVID
PT. Deltamas Solusindo,DLTMS
"Dyness Digital Energy Technology Co., LTD.",DNSS
Doosan Grid Tech,DOOS
Deviceroy,DROY
Destin Power,DSTN
DualSun SAS,DUALS
DuCal Solar Technology LLC,DUCAL
Duke Energy Corporation,DUK
Du Pont Apollo,DUPA
EcoFlow Inc.,ECOFL
Ecogy Energy,ECOG
Eco-Worthy,ECWR
"EndurEnergy Systems, Inc.",EES
EG4 Electronics LLC,EG4E
Element,ELEM
Elemize Technologies,ELEMIZ
Elin Energy (Sirius PV),ELIN
ELM FieldSight,ELMF
EliTe Solar Power HongKong Limited,ELTPWR
EMMVEE Photovoltaic Power Private Ltd.,EMMVEE
Empowered Energy Solutions,EMPOW
Emerson,EMR
"Energy America, LLC",ENAM
Energy Toolbase,ENERTB
Enphase Energy,ENPH
Enp Sonne Solar Technikk,ENPS
Energate Energy Inc.,ENRGT
Energate Enerji Ãœretim San. A.Åž.,ENRGT
Energate Enerji Üretim San. A.Ş.,ENRGT
Enersys,ENS
Enteligent,ENTEL
e-ON Batteries Inc.,EONB
Eoplly New Energy Technology,EOPNE
EPC Power,EPCP
East Penn Manufacturing Co.,EPNN
"Ergosun Holdings, LLC",ERGSN
Erus Energy,ERUS
ES Foundry Corp,ESFD
Taiwan Testing and Certification Center,ETC
Eternalplanet Energy,ETERN
Eaton,ETN
ET SOLAR POWER HONGKONG LIMITED,ETSO
ET Solar Industry,ETSO
ET Solar New Energy,ETSO
"EVE POWER CO., LTD.",EVEP
Exeltech,EXELT
Fermata,FERMAT
"Fengfan Co., Ltd. Power Supply Branch â€“ SPT",FFPWR
"Fengfan Co., Ltd. Power Supply Branch – SPT",FFPWR
"First Solar, Inc.",FIRSS
Flextronics,FLEXT
FnS Power Technology Inc,FNSP
Fortress Power,FORT
"Maitian Energy Co., Ltd. Wuxi Branch",FOXE
"FOXESS CO., LTD.",FOXSS
FreeVolt,FREEV
Freedom Forever,FRFE
Fronius International GmbH,FRINT
Franklin WH,FRWH
FS GREEN ENERGIES PRIVATE LIMITED,FSGRE
GAF,GAF
GAF Energy LLC,GAF
"GCL System Integration Technology Co., Ltd.",GCLSI
"Guangdong Felicity New Energy Co., Ltd.",GDFE
Guangdong Golden Glass Technologies,GDGGT
General Electric Company,GE
GermanSolar USA,GERSO
GermanSolar USA Inc.,GERSO
Gill Research & Development Limited,GILL
Ginlong Solis USA,GINL
Gintech Energy,GINTEK
Gintung Energy,GINTGE
Global Power Services LLC,GLPO
Geneverse Energy Inc.,GNNV
Generac Power Systems Inc,GNRC
Goldi Solar Private Limited,GOLDIS
Mercatus Inc,GOMERC
"Jiangsu GoodWe Power Supply Technology CO.,LTD.",GOODWE
"GoodWe Technologies Co., Ltd.",GOODWT
Solo,GOSOLO
Grape Solar,GRAPE
Greenlite Solar Canada,GREENL
Green Solutions,GREENS
Green Charge Networks LLC,GRENC
"Greensun Solar Energy Tech Co., Limited",GRESL
Grenzebach Envelon GmbH,GRNZB
Growatt New Energy,GRWT
G-Star Pte Ltd,GSTAR
"Gotion, Inc.",GTIO
Gautam Solar Pvt. Ltd.,GTMS
"Guangzhou Felicity Solar Technology Co., Ltd",GZFS
"Guangzhou Great Power Energy Storage Technology Co., Ltd",GZGPST
GuangZhou MeriTech Power Co Ltd,GZMTP
"HALEE, Inc",HALEE
"Hanersun Technology Co., Ltd.",HANER
"Hansol Technics Co., Ltd.",HANSOL
Hanwha Q-Cells,HANWH
Havasusolar,HAVA
Hengdian Group DMEGC Magnetics,HDGDM
Heilatech,HEILA
Heliox Energy,HELI
Heliene,HELIEN
Helios USA,HELIOS
"HD HYUNDAI ENERGY SOLUTIONS CO., LTD.",HMGE
"HINAESS TECH CO., LTD",HNAS
Hounen Solar America Inc.,HNNS
Holu Hou,HOLU
Horizon Power,HORIZ
Hoymiles Converter Technology,HOY
Hoymiles Power Electronics Inc.,HOY
Huawei Technologies Co. Ltd,HUAW
"Humless, LLC",HUML
"Hongyibo New Energy Technology (Shenzhen) Co., Ltd.",HYBE
"HYUNDAI ENERGY SOLUTIONS CO., LTD.",HYMTF
Hyosung Corporation,HYOS
Hyperion Solar,HYPER
Hyperian Energy Inc.,HYPRN
"Huizhou Roypow Technology Co., Ltd",HZRPT
IBTS,IBTS
IGEN Corporation,IGEN
Illuminate USA LLC,ILLUM
"IMPERIAL STAR SOLAR(CAMBODIA) CO., LTD.",IMPRL
Inergysystems,INERG
Infiswift Solutions,INFIS
Intertek Group plc,INTERT
Iron Edison LLC,IRONE
Itron Inc,ITRI
"Japan Solar (Infini Co., Ltd.)",JAPAS
JA Solar,JASOL
Jetion Solar (China),JETIS
"Jetion Solar (China) Co.,Ltd.",JETIS
"Jinko Solar Co., Ltd",JINKO
Jackery Inc.,JKRY
"JinkoSolar Holding Co. , Ltd.",JKS
JOLYWOOD (TAIZHOU) SOLAR TECHNOLOGY CO LTD,JLYW
JMTHY,JMTHY
"Jiangsu Green Energy Power Technology Co., Ltd",JSGEP
"Jiangsu Runergy New Energy Technology Co., Ltd",JSRNE
Jiangsu Xiehang New Energy Intelligent Equipment Co. Ltd,JSXHNE
Juli New Energy,JULI
Jiangyin Hareon Power,JYHP
Jinzhou Jinmao Photovoltaic Technology,JZJPT
KACO New Energy,KACO
Kalkitech,KALK
KB Solar LLC,KBSO
"Kehua Hengsheng Co., Ltd.",KEHUA
Korea Electrotechnology Research Institute,KERI
Korea Testing Laboratory,KETL
Keysight Technologies,KEYS
King Solar,KINGS
"Kitu Systems, Inc.",KITU
KnGrid,KNGR
Kaneka Corporation,KNKA
komeri,KOME
KORE Power,KORE
KOSOL ENERGIE PVT. LTD.,KOSOL
Kostal,KOST
Kstar New Energy,KSTAR
Kowint Energy Inc.,KWNT
Kyrio Inc,KYRIO
La Solar LLC,LASOL
Lucid,LCID
LDK Solar,LDKS
Leaguer,LEAG
"LS Electric Co., Ltd.",LESL
LGCY,LGCY
LG Electronics Inc.,LGE
"LONGi Green Energy Technology Co., Ltd.",LGGE
LIGHT ENGINE ILUMINACAO S.A.,LGHTN
Lightway Green New Energy,LGNE
"LIGHT&HOPE ENERGY CO.,LTD.",LHE
Lion Energy,LION
Lite-On Technology Corporation,LITN
Liniotech,LNIO
LENERGY POWER INC,LNRG
Locus Energy,LOCS
LOF SOLAR CORP.,LOFS
"Leapton Energy Co., Ltd.",LPTN
Lithion Battery Inc.,LTHBT
LUMA Resources,LUMA
Lumian,LUMIA
Lumos,LUMOS
Lunar Energy,LUNAR
Lunna,LUNNA
Luxco,LUXCO
Luxor Solar,LUXOR
Luxpowertek,LUXP
"ShenZhen Lux Power technology Co., LTD",LUXPOW
MaCT-USA Inc,MACT
Mage Solar,MAGE
Mage Solar USA,MAGE
Magellan Power,MAGLN
MANGO POWER TECH INC.,MANGO
MAR SOLAR PANEL IMALATI VE ELEKTRIK URT. DAG. PRJ. HİZ. SAN. VE TİC. A.S.,MARSIE
"Mate Solar Co., Ltd.",MATE
Maxeon Solar Technologies Ltd.,MAXEON
"MECEN SOLAR VINA CO.,LTD",MCNSL
Midsummer AB,MDSM
Measurlogic Inc,MEASU
"Merlin Solar Technologies, Inc.",MERLIN
Meyer Burger (Industries) GmbH,MEYER
Magnus green solar LLC,MGNS
Miasole,MIASOL
MidNite Solar Inc,MIDN
Mission Solar Energy LLC,MISSON
Mitrex,MITREX
Mitsubishi Electric,MITSU
MK BATTERY,MKBT
MicroNOC Inc.,MNOC
Morningstar Corporation,MORNS
Moxa Inc,MOXA
MSquare Energy Pty Ltd,MSQRE
Mundra Solar Energy Limited,MUNDRA
Mundra Solar PV Ltd.,MUNDRA
naak inc.,NAAK
"Ningbo Victor Solar Technology Co., Ltd.",NBVCT
"New East Solar Energy (Cambodia) Co.,Ltd.",NEAST
NEC Energy Solutions Inc,NECES
NeoVolta,NEOV
Nevados Engineering,NEVA
Next Energy Alliance LLC,NEXTE
"NEXTracker, Inc",NEXTR
NHS Energia do Seu Jeito,NHSE
Nidec,NIDEC
NovaTech Automation,NOVAT
Northern Electric Power,NPOW
Energizer Solar,NRGZR
Nuuko Solar GmbH,NUKO
PT. NUSA SOLAR INDONESIA,NUSA
Nuvation,NUVAT
"Novele, Inc.",NVEL
Nuvve Company,NVVE
Obvius,OBVI
Open Energy Solutions,OESI
"Omnidian, Inc.",OMNI
Omron,OMRNY
ONYX SOLAR ENERGY S.L.,ONYX
Opal-RT Technologies Inc,OPALRT
Openegrid,OPENE
Optio Pty Ltd,OPTIO
Orb Energy Private Limited,ORB
Open Systems International Inc,OSSI
OutBack Power,OUTB
"Oxford Intelligent Energy Co., Ltd.",OXIEN
Oztek Corp,OZTEK
Parker Hannifin,PARK
Pason Systems Corp,PASO
Panasonic Corporation of North America,PCRFY
PcVue Solutions Ltd,PCVU
"Peaxy, Inc.",PEAX
PEIMAR,PEIMAR
Perfect Source Technology,PERFS
Perlight Solar,PERL
PES Solar,PES
Pacific Gas & Electric Co.,PGE
Philadelphia Solar,PHILS
Phoenix Contact Inc,PHOE
"Phono Solar Technology Co., Ltd.",PHONO
"Phono Solar Technology Co.,Ltd.",PHONO
Photon Brothers,PHOT
PhaseGreen Technology Inc.,PHZG
Pika Energy,PIKAEN
PT. JAYA ELECTRICAL ENERGY,PJYA
Polarium Inc.,PLRM
pomcube,POMC
PowerDash Inc,POWD
PowerOwners LLC,POWO
PPL Corporation,PPL
"Prism Solar Technologies, Inc.",PRISM
Pristine Sun LLC,PRIST
PREMIER ENERGIES PHOTOVOLTAIC PRIVATE Ltd.,PRMIR
The Pro Companies (Sunpro),PROCOS
PT IDN SOLAR TECH,PTIDN
PT LESSO NEW ENERGY,PTLSS
Power Center,PWRC
PowerShingle LLC,PWRSHN
"PYLON TECHNOLOGIES CO.,LTD",PYLN
Qcells North America,QCELL
QualityLogic Inc,QUALOG
RainWise Inc.,RAINW
Rare Manufacturing,RAREM
RAYZON SOLAR PRIVATE LIMITED,RAYZON
RCT Power Energy Technology Corporation,RCT
"Jiangsu RCT Power Energy Technology Co., Ltd",RCTP
Recom,RECOM
ReCreate,RECRT
RECOM SILLIA,RECSIL
REC Solar,RECSO
Rectify Solar,RECTI
Redback Operations Pty Ltd,REDBA
REFU Elektronik GmbH,REFU
RENAC Power,RENAC
Renesola America,RENES
Renon Power Technology Inc.,RENON
"REPT BATTERO Energy Co., Ltd.",REPBT
Resun Solar Inc.,RESN
Rhombus Energy,RHOMB
"Risen Energy Co., Ltd.",RISEN
RNG International Inc.,RNGNT
RUNHOOD POWER INC.,RNHD
RSI Holding,RSI
Sunrun,RUN
Saatvik Green Energy (P) Limited,SAATVK
"Guangzhou Sanjing Electric Co., Ltd.",SAJE
"Suzhou Akcome Optronics Science & Technology Co., Ltd",SAKOP
SANYO ELECTRIC CO LTD OF PANASONIC GROUP,SANYO
SA Power Networks,SAPOW
Solarbest Energy-Tech (Zhejiang),SBETZJ
SCE,SCEC
"ShanDong Sacred Sun Power Sources Co., Ltd",SDSSP
SolarEdge Technologies Inc,SEDG
SEG Solar Inc.,SEG
Schneider Electric (US),SELEC
Schneider Electric SA (Canada),SELEC
Semtive,SEMT
"S-Energy Co., Ltd.",SENER
"Sensata Technologies, Inc.",SENSA
Sunflare Co.,SFLARE
"Solar Frame Solutions, Inc.",SFRM
Solar Frontier K.K.,SFRON
Sun Gold Power Inc,SGLD
SGS,SGS
SGS China,SGS
"Sigenergy Technology Co., Ltd.",SGTK
Shanghai Aerospace Automobile Electromechanical,SHAAE
"Shanghai Aerospace Automobile Electromechanical Co., Ltd.",SHAAE
Sharp,SHARP
Shell,SHEL
Shanghai ST Solar,SHSTS
SIC USA,SICU
Siemens Gamesa,SIEG
Silfab Solar Inc.,SILFAB
Simpliphi Power,SIMPLI
Sinotec USA LLC,SINO
SKYCELL USA.,SKYCL
Solaria Corporation,SLARIA
"Shenglong PV-tech (Cambodia) Co., LTD",SLPV
Solar4America Technology Inc.,SLRAM
Solarmax,SLRMX
Solartech Power,SLRPO
Solartech Energy,SLRTE
"Solarspace Technology Co., Ltd.",SLSPC
SMA America LLC,SMA
Sungen Power LLC,SNGN
"Sunman (Zhenjiang) Co., Ltd.",SNMN
Sunpal Power Co. Ltd.,SNPL
SUNPLUS OPTIMUM INC.,SNPLS
SUNPLUS OPTIMUM LIMITED,SNPLT
"Zhejiang Sunpro Power Technology Co., Ltd.",SNPRO
Sunergy California LLC,SNRGE
Sunrise Solartech,SNRIZ
"SunEvo Solar Co., Ltd.",SNVO
"Sunwoda Energy Technology Co., Ltd.",SNWDA
Solarbine,SOBIN
SolarBridge Technologies,SOBRDG
SolarCity Corp,SOCITY
Continental Control Systems,SOCO
Socomec,SOCO
Sofarsolar,SOFAR
Solarhome Tech Inc.,SOHOM
SolarJuice American Inc.,SOJUIC
SolarJuice Technology Inc.,SOJUIC
Solantro Semiconductor Corp,SOLAN
"Solar Data Systems, Inc.",SOLARD
Sol-Ark,SOLARK
Solar Monitor SRO,SOLARM
"Solax Power Network Technology (Zhejiang) Co., Ltd",SOLAX
SOLAREVER TECNOLOGÍA DE AMERICA SA DE CV,SOLEVR
Solar Liberty,SOLIB
"Soluna(Shanghai)Co.,Ltd",SOLNA
"SOLAR LONG PV-TECH(CAMBODIA)CO.,LTD",SOLNG
Solplanet,SOLP
SOLAR UTILITIES INC,SOLUTL
SOLVIS d.o.o,SOLVS
SOLEX ENERGY LTD,SOLX
Sonali Energees,SONALI
Sonali Energees USA LLC,SONALI
Sonnenbatterie GmbH,SONNB
Solar Power (SPI),SOPOW
Sova Solar Limited,SOVA
SPARQ Systems Inc,SPARQ
sPower Energy Inc,SPOW
SPITZER ENERGY COMPANY,SPTZR
SunPower Corporation,SPWR
"Shanghai PYTES Energy Co., Ltd.",SPYTES
"Suzhou RCT Power Energy Technology Co., Ltd",SRCTP
"Seraphim Solar System Co.,Ltd.",SRPHM
"Shinsung E&G Co., Ltd.",SSEG
SunSpark Technology Inc.,SSPRK
STACE Solar Solutions Inc.,STACE
Star Solar Inc.,STARS
STAUBLI,STAUB
Alpha Technologies,STEM
AlsoEnergy LLC,STEM
Step Function,STEPF
SunTegra,STGRA
Stilo Energy S.A.,STILO
"StackRack Battery Systems, LLC",STKRK
STMicroelectronics,STM
Stored Energy Inc,STOREE
Storz Power LLC,STORZP
Sunfield Semiconductor Inc.,SUNFI
Sunfolding,SUNFOL
Sungrow Power Supply Co. Ltd,SUNGRO
Sunny International Power,SUNNI
Sunpro Solar,SUNPR
sunshineanalytics,SUNS
SUNSTYLE AG / LTD,SUNSTY
Suntech Power,SUNTEK
Suntuity,SUNTU
SwitchDin Pty Ltd,SWITCH
"Shenzhen Wirentech Co., Ltd.",SWRNT
"SHENZHEN ACE BATTERY CO.,LTD.",SZACE
"Shenzhen BYD Electronics Co., Ltd.",SZBYDE
Shenzhen BYD Lithium Battery Company Limited,SZBYEB
"Shenzhen Green Jiayuan Technology CO., Ltd",SZGJYT
"Shenzhen Growatt New Energy Technology Co., Ltd",SZGNET
"Shenzhen GSL Energy Co., Ltd.",SZGSLE
Shenzhen Kstar New Energy Company Limited,SZKSTR
"SHENZHEN POWEROAK NEWENER CO., LTD",SZPWR
"Suzhou Talesun Solar Technologies Co., Ltd.",SZTST
Shenzhen UZ Energy Limited,SZUZE
TANTALUS,TANT
Tata Power Renewables,TATA
The Typhoon HIL Inc,THIL
Thornova Solar,THRNV
"Tigo Energy, Inc",TIGOE
TITAN SOLAR POWER,TITAN
Toledo Solar Inc.,TLEDOS
TMEIC,TMEIC
TOPCO SOLAR INC.,TOPCO
Topsun Co Ltd,TOPSUN
"Topsun Co., Ltd.",TOPSUN
Trimark Associates Inc,TRIMAR
Trina Solar,TRINA
Translucent Solar LLC,TRNLC
TROES Corp.,TROES
TSEC,TSEC
T-Solar Global,TSGLO
"Tangshan Haitai New Energy Technology Co., Ltd.",TSHNE
Tesla,TSLA
"Toenergy Technology Hangzhou Co.,Ltd",TTHZ
TUV Rheinland,TUV
TUV SUD Hong Kong Limited,TUVS
Tianwei New Energy (Yangzhou),TWNEYZ
Tongwei Solar (Hefei),TWSHF
TWS Technology (Anhui) Limited,TWST
Texas Instruments Incorporated,TXN
Tynsolar,TYNSO
"Ulectric Technology Co., Ltd",ULTRC
Underwriters Laboratories Inc.,UNDER
"United Energy Co., Ltd",UNTD
"United Renewable Energy Co., Ltd.",UNTDRE
Universal Solar Americas S.A.,UNVRSL
Upsolar,UPSOL
U.S. Solar,USSOL
UtilityAPI,UTILA
Victron Energy B.V,VICTRO
Vikram Solar,VIKRAM
VINA SOLAR TECHNOLOGY CO LTD,VINAS
Venus Energy Limited,VNSE
Volterion GmbH,VOLTE
Vietnam Sunergy Joint Stock Company,VSNRGE
WAAREE ENERGIES LIMITED,WAAREE
Wattmonk,WATTM
Westinghouse Solar,WESTH
Wells Fargo,WFC
WINAICO,WINAIC
Wivity Inc.,WIVI
"WORLD4SOLAR,INC.",WLDS
Walters & Wolf Glass Co,WLWF
"Win Win Precision Technology Co., Ltd.",WWPRC
"Wuxi Sunket New Energy Technology Co., Ltd.",WXISN
Wanxiang New Energy,WXNE
"Wuxi Suntech Power Co., Ltd",WXSP
"WYONE TRADING, INC.",WYONE
Xage,XAGE
"Xiamen Hithium Energy Storage Technology Co., Ltd.",XHTHE
"Exiom Solution, S. A.",XIOM
"Xiamen Kehua Digital Energy Tech Co., Ltd",XKDE
Xiamen Ampace Technology Limited,XMAMP
"Xuzhou Futuresolar Co., Ltd.",XZFS
Yaskawa - Solectria Solar,YASKY
Yingli Energy (China),YINLE
"Yilink New Energy Co., Ltd",YLNK
PXiSE Energy Solutions,YOKO
YOTTA ENERGY INC,YOTTA
Your Energy Solutions,YRNR
Zinc8 Energy Solutions,ZAIR
TABUCHI ELECTRIC CO. LTD,ZBR
Zebra Energy,ZEBRA
Zeem Solutions,ZEEM
Zerun,ZERUN
ZHAW,ZHAW
"Zhejiang Benyi Electrical Co., Ltd",ZJBE
Zhejiang Kingdom Solar Energy Technic,ZJKSE
"Zhejiang Trunsun Solar Co., Ltd.",ZJTS
"ZNSHINE PV-TECH Co., Ltd.",ZNSHIN
"Zhuhai Ruixu Electronic Technology CO., LTD",ZRET
Zhongshan Ruike New Energy Co Ltd,ZSRNE
Zytech Solar,ZYTEK
e3dc,
